Topic ID,Topic Probability,Topic Words
0,2.285066e-07,"[('self', 0.016131181), ('size', 0.0096446015), ('if', 0.00837841), ('torch', 0.007351526), ('d', 0.0068082768), ('loss', 0.0067700003), ('nn', 0.005938968)]"
1,2.2857827e-07,"[('self', 0.022960866), ('size', 0.01753713), ('loss', 0.00967284), ('torch', 0.009435756), ('in', 0.008846685), ('d', 0.008827445), ('if', 0.008432819)]"
2,2.2838414e-07,"[('self', 0.0056956187), ('size', 0.003719733), ('model', 0.0027209956), ('if', 0.002585685), ('x', 0.0024269393), ('in', 0.0024157085), ('d', 0.0024147097)]"
3,0.9999984,"[('self', 0.034579303), ('size', 0.015174575), ('model', 0.012124131), ('x', 0.01158324), ('if', 0.011005929), ('in', 0.01059716), ('loss', 0.010558376)]"
4,2.2839222e-07,"[('self', 0.008165202), ('size', 0.003073128), ('nn', 0.0030720143), ('if', 0.0026701426), ('loss', 0.0025365672), ('the', 0.002491796), ('model', 0.00240728)]"
5,2.2843136e-07,"[('self', 0.007421445), ('size', 0.0059193335), ('if', 0.005786339), ('data', 0.0050608446), ('in', 0.0043710414), ('x', 0.0043127397), ('torch', 0.0039125714)]"
6,2.284582e-07,"[('self', 0.014206006), ('model', 0.0058023576), ('size', 0.00577224), ('if', 0.005480036), ('nn', 0.0053005097), ('batch', 0.0049343724), ('x', 0.0049083885)]"
7,2.2866627e-07,"[('self', 0.028471768), ('size', 0.01471322), ('if', 0.0123396665), ('model', 0.010642138), ('torch', 0.010322784), ('data', 0.009838258), ('loss', 0.009685477)]"
